n_tplus,Tzplus
"0,321251452","-107022,474174739"
"0,2937403023","-74390,3764651785"
"0,2778500617","-13601,8152507492"
"0,2750355601","13284,1453805616"
"0,2775115669","-55348,9445456648"
"0,2692478895","-175703,579717982"
"0,2419803143","-303225,684982182"
"0,1904821694","-150630,668431341"
"0,1114336327","-192677,96010266"
"0,0052284454","-567461,371716706"
"-0,1230299398","-691832,341875592"
"-0,2765357494","-804622,92309755"
"-0,4587819278","-1065426,41860378"
"-0,6690661311","-1357951,42558626"
"-0,9202269316","-1175386,84502897"
"-1,1739157438","-962346,921806217"
"-1,3643145561","-387529,446851332"
"-1,4443792105","348960,175393654"
"-1,3676174879","494320,72176717"
"-1,1128481627","880150,074019383"
"-0,6445161104","3888442,1924669"
"0,1019058451","6884753,72954539"
"1,2119988203","2881938,63738493"
"2,7642996311","72,9451517502"
"4,8096981049","43,8090152468"
"7,3470134735","49,7116663674"
"10,27917099","53,5295716079"
"13,436205864","54,4744873782"
"16,6715202332","55,3880931303"
"19,9181365967","55,9278543447"
"23,2069168091","57,5479799827"
"26,6069488525","59,9157533588"
"30,1422348022","61,3295579648"
"33,7663879395","61,6088779894"
"37,4079093933","61,0410280028"
"41,0119132996","60,2988171505"
"44,5661430359","59,7199110465"
"48,0957489014","60,0135882332"
"51,6443557739","60,8638221789"
"55,2411766052","61,6697009056"
"58,8838500977","61,9509901443"
"62,5434150696","61,488450542"
"66,1804275513","60,5923442504"
"69,7615432739","59,3000582862"
"73,2694015503","57,8660437299"
"76,6980895996","56,6834021208"
"80,0553207397","55,9021940925"
"83,3602523804","55,102915177"
"86,6230697632","54,3454404514"
"89,8391723633","53,311328152"
"92,9970321655","52,3357461112"
"96,0967178345","51,4592217653"
"99,1390838623","50,3938689903"
"102,1216659546","49,5138519741"
"105,0522766113","48,9606317767"
"107,9516067505","48,8456615714"
"110,8498077393","49,3463721423"
"113,7757568359","50,0966119566"
"116,7446517944","50,9860737276"
"119,767364502","51,9457588502"
"122,851890564","53,0476262415"
"125,9957275391","53,9601042063"
"129,1916351318","54,7592137754"
"132,4388427734","55,8778605611"
"135,7554168701","57,4268705575"
"139,168258667","58,9520965177"
"142,664642334","59,4151029022"
"146,1936645508","58,9958090558"
"149,7015075684","57,9501234073"
"153,1425628662","56,3155631409"
"156,4912414551","54,6152940331"
"159,7428131104","53,2914225437"
"162,9097900391","52,5046047314"
"166,0309906006","52,3190736408"
"169,1477966309","52,6365004803"
"172,2876586914","53,0113741421"
"175,440826416","52,733804769"
"178,5726928711","52,1554104603"
"181,6713104248","52,0201137021"
"184,7725830078","52,688186825"
"187,9233398438","53,3834473456"
"191,1094360352","52,6400720761"
"194,245223999","50,2636870221"
"197,2325744629","47,0861091791"
"200,0256500244","44,6188231075"
"202,6728210449","44,0747803052"
"205,2910003662","45,1136340044"
"207,9743499756","46,3432505727"
"210,732925415","46,5750606064"
"213,5026397705","45,2811496192"
"216,1962738037","43,4733377107"
"218,7833251953","42,5155192754"
"221,3111724854","42,7733811148"
"223,8555755615","44,5063258623"
"226,5040588379","47,6646281283"
"229,3332061768","51,260621905"
"232,3748168945","54,3135491221"
"235,6065063477","56,2372126207"
"238,9559936523","56,2751539949"
"242,3200073242","54,8310804213"
"245,6119384766","52,6843694533"
"248,7726287842","50,2880134564"
"251,7733917236","47,9725856796"
"254,6265563965","46,7696843367"
"257,4071960449","46,5962135101"
"260,1892089844","46,6641699601"
"262,9940490723","46,9479523153"
"265,806427002","46,989740426"
"268,6034545898","46,4999944907"
"271,3790893555","46,3037930894"
"274,1607055664","47,6126211666"
"277,0133361816","50,2405558944"
"280,0098876953","52,9013253263"
"283,1845397949","55,7114578749"
"286,527130127","58,112118919"
"289,9956359863","58,9787818614"
"293,5341796875","59,2910210378"
"297,0897827148","59,1821417221"
"300,6236877441","58,0049989718"
"304,0994873047","56,2126822328"
"307,4581298828","53,2796861914"
"310,6506347656","50,8017713992"
"313,6967163086","49,5924804105"
"316,6672973633","49,3366362677"
"319,6220092773","49,562208551"
"322,5883789063","49,5863677181"
"325,559387207","49,1933529725"
"328,5132446289","48,8260869812"
"331,4445495605","48,7681797377"
"334,3729858398","49,2739050537"
"337,326965332","50,7821908524"
"340,3693237305","53,4449331352"
"343,5907592773","57,5842088163"
"347,0454406738","61,2519353853"
"350,7272644043","64,2775275557"
"354,5803222656","65,6794113304"
"358,5142822266","64,4982084684"
"362,4163208008","61,9774862884"
"366,1547546387","57,8619797814"
"369,6195068359","52,866561904"
"372,7993469238","49,5958633909"
"375,7875976563","49,0278867618"
"378,7323913574","50,4174301066"
"381,7680969238","52,756388615"
"384,9555053711","54,7327409592"
"388,26953125","55,4126774649"
"391,6209716797","54,6105775009"
"394,9255065918","54,0886978275"
"398,1871948242","54,9373122299"
"401,4921264648","57,4100933055"
"404,9612731934","61,2972467841"
"408,6731567383","65,2363305732"
"412,6151123047","67,0414435331"
"416,6599731445","64,7938401129"
"420,5871582031","59,5686895387"
"424,2121582031","54,0928424299"
"427,49609375","50,5653386868"
"430,5503540039","50,0599853946"
"433,5722351074","52,2914595847"
"436,7398071289","55,5459957572"
"440,1267089844","58,2438158964"
"443,671081543","59,4976632293"
"447,2662353516","59,157952517"
"450,848449707","59,2748888961"
"454,4413146973","60,8996996667"
"458,1301269531","63,3397260932"
"461,9817810059","65,0819474709"
"465,9505615234","64,1797398054"
"469,8622436523","60,5499147135"
"473,5416564941","55,7745442065"
"476,9307250977","52,5496032387"
"480,1373901367","53,1330560273"
"483,3767700195","56,7490276752"
"486,8297119141","60,6813836458"
"490,5317382813","62,9833000096"
"494,4031982422","64,1067812087"
"498,3394775391","64,7609266289"
"502,2758178711","64,2879209093"
"506,2148132324","64,8360967996"
"510,1879272461","65,0536055343"
"514,1544189453","63,0258065788"
"518,0020141602","59,7909023821"
"521,638671875","55,9879071218"
"525,0839233398","55,2659802317"
"528,4907836914","58,0992867314"
"532,0435791016","61,9424314307"
"535,8286743164","65,2673040924"
"539,8189086914","66,9670393653"
"543,9143676758","66,7420586888"
"548,0166015625","65,6856450739"
"552,0700683594","64,2132679059"
"556,032409668","62,2312499298"
"559,8563232422","59,655119992"
"563,51953125","57,4744623364"
"567,0682373047","57,7720339044"
"570,6317138672","60,3391406193"
"574,3546142578","63,8249496252"
"578,3017578125","66,9480153092"
"582,4443969727","68,4893329875"
"586,6874389648","67,9571732268"
"590,9249267578","66,3521810378"
"595,073059082","64,0438081911"
"599,0588989258","61,1089656726"
"602,8499145508","59,0645174701"
"606,5062866211","59,4136817426"
"610,1866455078","62,4246766945"
"614,0718994141","67,050883886"
"618,2420654297","71,0072595211"
"622,655090332","72,8423311346"
"627,1798706055","72,237653959"
"631,6575927734","69,0327152112"
"635,9488525391","64,139136924"
"639,9509277344","59,4524213742"
"643,6667480469","57,2055096089"
"647,2449951172","58,9065447779"
"650,9364013672","64,0425404613"
"654,953125","70,36666608"
"659,3555297852","75,4045965886"
"664,0463867188","76,457052153"
"668,8231201172","73,7547200594"
"673,4597167969","68,6531009116"
"677,7637329102","62,5654722433"
"681,6719360352","58,3451168069"
"685,3287353516","59,3022116356"
"689,0610961914","65,717012718"
"693,198059082","74,5155459453"
"697,8917236328","82,2664598979"
"703,0522460938","85,1212501722"
"708,387878418","81,07440937"
"713,5061035156","71,9335352655"
"718,0422973633","60,9838488732"
"721,8775634766","53,6137102484"
"725,2738647461","54,0303549374"
"728,6927490234","60,9974505705"
"732,5490112305","70,7557323813"
"737,0341796875","79,0054166715"
"742,0454101563","81,5796718752"
"747,2363891602","77,5173150895"
"752,1646118164","68,6616928925"
"756,5307617188","60,144401292"
"760,3646240234","57,3762433399"
"764,0149536133","61,5474740529"
"767,9371948242","70,7859879402"
"772,453918457","80,4390272304"
"777,5856933594","85,6653116475"
"783,0266723633","82,9031691537"
"788,2822875977","72,9428895778"
"792,9641723633","63,8999371057"
"797,0404052734","59,5719357892"
"800,8488769531","62,9180510639"
"804,8782958984","72,0494383331"
"809,4949951172","81,2802475343"
"814,729309082","85,457653158"
"820,2379760742","81,3450147798"
"825,5009155273","73,1139956005"
"830,1773071289","64,6968628859"
"834,3391113281","62,0991098978"
"838,3999023438","68,0589094137"
"842,848449707","78,880119559"
"847,9396972656","86,5733522266"
"853,5120239258","85,7044674037"
"859,0660400391","77,8170781557"
"864,1240234375","68,5758861223"
"868,579284668","64,4148816623"
"872,7471313477","68,10474398"
"877,1502685547","76,8149463482"
"882,1696166992","84,3603382666"
"887,7538452148","86,3639305528"
"893,4301147461","80,7732168003"
"898,6655273438","69,9863270452"
"903,2661132813","64,5049162931"
"907,5234375","68,1086906135"
912,"77,7266740834"
"917,117980957","85,9680268837"
"922,8316040039","88,1528998457"
"928,6558227539","81,6783552609"
"934,060546875","71,4983282384"
"938,8746337891","68,6581916807"
"943,3933105469","73,689362766"
"948,1530151367","81,2653230105"
"953,5000610352","85,5876672432"
"959,2987060547","83,8082598165"
"965,0744018555","77,0305858974"
"970,4177246094","70,4401554597"
"975,3036499023","69,7588307958"
"980,1000976563","76,6540008953"
"985,2483520508","84,974445128"
"990,8746948242","87,1047494332"
"996,7172241211","82,7859869528"
"1002,3953857422","78,4795045673"
"1007,7279052734","76,2729157438"
"1012,8752441406","77,1879450204"
"1018,1695556641","81,6952188292"
"1023,7822265625","84,2872798898"
"1029,5910644531","83,239326025"
"1035,3366699219","81,1548326983"
"1040,8688964844","78,4715261517"
"1046,2796630859","79,228017875"
"1051,7836914063","82,7524286539"
"1057,4760742188","84,4652840527"
"1063,2608642578","84,013523645"
"1068,9866943359","81,7361401146"
"1074,6101074219","81,2030952382"
"1080,2431640625","83,29240394"
"1085,9958496094","85,4433377118"
"1091,8374023438","84,4152560927"
"1097,6364746094","80,2544153156"
"1103,3043212891","77,6615974035"
"1108,9163818359","81,1069490257"
"1114,6384277344","83,4520661739"
"1120,5297851563","83,6024803338"
"1126,4946289063","82,7618305714"
"1132,3977050781","81,4041621587"
"1138,2138671875","81,6779600625"
"1144,0611572266","82,4337151887"
"1150,0336914063","84,6372433866"
"1156,0841064453","83,1809123549"
"1162,0899658203","80,3913104343"
"1167,9984130859","80,0075147576"
"1173,8953857422","81,1726692032"
"1179,8819580078","81,911554365"
"1185,9323730469","81,1340989832"
"1191,9370117188","79,2234466671"
"1197,8287353516","78,0632567305"
"1203,6754150391","78,573148999"
"1209,5872802734","79,5412130323"
"1215,5651855469","79,1524318945"
"1221,5166015625","77,4075748776"
"1227,3809814453","77,1134238873"
"1233,2225341797","77,716212628"
"1239,1350097656","77,9579153634"
"1245,1049804688","77,0139228527"
"1251,0356445313","75,4899099407"
"1256,869140625","75,3303746659"
"1262,6745605469","75,3797166871"
"1268,5339355469","75,1855574558"
"1274,4338378906","74,6048823141"
"1280,2966308594","73,6492917316"
"1286,0833740234","73,2917110292"
"1291,8529052734","73,082979255"
"1297,6479492188","72,1421528758"
"1303,4254150391","70,559762059"
"1309,1160888672","69,3818006095"
"1314,7271728516","69,2982470948"
"1320,3204345703","68,8450161437"
"1325,8958740234","67,0340376124"
"1331,384765625","65,3432780446"
"1336,7416992188","64,1471526391"
"1342,0239257813","63,4352163321"
"1347,2835693359","62,536938031"
"1352,4937744141","60,8265905523"
"1357,5925292969","59,558223761"
"1362,5864257813","58,5450148321"
"1367,5228271484","57,4521956311"
"1372,3940429688","55,885096817"
"1377,1474609375","54,0130880321"
"1381,7642822266","52,8340327948"
"1386,3032226563","51,9278940294"
"1390,7893066406","50,613851692"
"1395,1787109375","48,7595426733"
"1399,4190673828","47,2515548144"
"1403,5462646484","46,2570108742"
"1407,6103515625","45,1480690186"
"1411,5938720703","43,5240458598"
"1415,4448242188","42,0344598229"
"1419,1831054688","41,4619573063"
"1422,8806152344","40,9200988719"
"1426,5421142578","39,7266764692"
"1430,1121826172","38,4843542184"
"1433,5725097656","37,6785810298"
"1436,9709472656","36,8247860689"
"1440,3081054688","35,2752413089"
"1443,5118408203","32,9885194343"
"1446,51171875","30,5996705402"
"1449,3040771484","27,8388630088"
"1451,8575439453","24,8969767171"
"1454,1441650391","22,6253098083"
"1456,2233886719","21,7288531696"
"1458,2293701172","21,9186741478"
"1460,2584228516","22,0127058791"
"1462,296875","21,3057476622"
"1464,2736816406","20,3569950059"
"1466,1669921875","19,3539692459"
"1467,970703125","17,9293425345"
"1469,6428222656","16,2046224146"
"1471,1561279297","15,2631660111"
"1472,5852050781","15,2878929013"
"1474,0206298828","15,3228680286"
"1475,4602050781","14,7099978258"
"1476,8410644531","13,8393777602"
"1478,1412353516","12,9868827654"
"1479,3638916016","11,8206211678"
"1480,478515625","10,3539156536"
"1481,4556884766","9,4115991241"
"1482,345703125","9,3091174438"
"1483,2268066406","9,3034666901"
"1484,1069335938","8,7751582486"
"1484,9367675781","8,158492752"
"1485,7081298828","7,8335449756"
"1486,4495849609","7,3139751754"
"1487,1422119141","6,2428259128"
"1487,7337646484","5,2654769156"
"1488,2342529297","4,8987706174"
"1488,7010498047","4,655749709"
"1489,1446533203","4,2085894575"
"1489,5451660156","3,8984700015"
"1489,9165039063","4,1224261126"
"1490,3090820313","4,4566058318"
"1490,7331542969","4,3602799371"
"1491,1481933594","4,1124025941"
"1491,5397949219","4,1288162539"
"1491,9333496094","3,989737648"
"1492,3138427734","3,3806105125"
"1492,6362304688","2,8094068354"
"1492,9044189453","2,7903933862"
"1493,1711425781","2,8628068853"
"1493,4450683594","2,5313451744"
"1493,6873779297","2,0510158481"
"1493,8837890625","1,8982365746"
"1494,0656738281","1,7434529445"
"1494,2326660156","1,2945178813"
"1494,3565673828","0,9169074066"
"1494,4443359375","1,1279627263"
"1494,5523681641","1,4203240847"
"1494,6884765625","1,1936956184"
"1494,8028564453","0,8092497968"
"1494,8803710938","0,9050249602"
"1494,9670410156","1,0873827349"
"1495,0711669922","0,8672546085"
"1495,1541748047","0,5469979237"
"1495,2065429688","0,718377587"
"1495,275390625","0,9543315905"
"1495,3668212891","0,7926715503"
"1495,4427490234","0,5361470682"
"1495,494140625","0,6743474357"
"1495,5588378906","0,8785849544"
"1495,6431884766","0,7276189911"
"1495,7130126953","0,4709329814"
"1495,7581787109","0,6624764802"
"1495,8217773438","0,9218346279"
"1495,9104003906","0,8099050444"
"1495,98828125","0,5271712995"
"1496,0389404297","0,6475248767"
"1496,1011962891","0,8084739779"
"1496,1789550781","0,5421248257"
"1496,2310791016","0,1269711143"
"1496,2432861328","0,1382773013"
"1496,2565917969","0,2232995061"
"1496,2780761719","-0,0076190373"
"1496,27734375","-0,246605303"
"1496,2536621094","0,0889800493"
"1496,2622070313","0,4971389658"
"1496,3099365234","0,4097678808"
"1496,3492431641","0,0496485805"
"1496,3540039063","0,0929484729"
"1496,3629150391","0,2595734328"
"1496,3878173828","0,0292828089"
"1496,390625","-0,3501863552"
"1496,3570556641","-0,2416343276"
"1496,3338623047","0,0610393431"
"1496,3397216797","0,0216312322"
"1496,341796875","-0,2364921147"
"1496,3190917969","-0,088938211"
"1496,310546875","0,1931524664"
"1496,3291015625","0,136007809"
"1496,3421630859","-0,1207415308"
"1496,3305664063","0,0711507055"
"1496,3374023438","0,3988514298"
"1496,3757324219","0,3201541219"
"1496,4064941406","-0,0393758507"
"1496,4027099609","0,0139618119"
"1496,4040527344","0,2182637707"
"1496,4250488281","0,1066686957"
"1496,4353027344","-0,1714678733"
"1496,4188232422","-0,0025398426"
"1496,4185791016","0,3263340826"
"1496,4499511719","0,3303068218"
"1496,4816894531","0,0863805732"
"1496,4899902344","0,2030979169"
"1496,5095214844","0,4721679925"
"1496,5549316406","0,3746064578"
"1496,5909423828","0,0241335487"
"1496,5932617188","0,0774593085"
"1496,6007080078","0,2958691257"
"1496,6291503906","0,1880531586"
"1496,6472167969","-0,1106372401"
"1496,6365966797","0,0139858596"
"1496,6379394531","0,3039590482"
"1496,6671142578","0,1883490081"
"1496,6851806641","-0,2162940343"
"1496,6644287109","-0,1742590123"
"1496,6477050781","0,0661808616"
"1496,6540527344","0,002546765"
"1496,654296875","-0,3094153369"
"1496,6246337891","-0,2163667667"
"1496,6038818359","0,075081731"
"1496,6110839844","0,0547616692"
"1496,6163330078","-0,2152107227"
"1496,595703125","-0,0241595319"
"1496,5933837891","0,4567286091"
"1496,6372070313","0,6905551101"
"1496,7034912109","0,6255470075"
"1496,763671875","0,8760232186"
"1496,8479003906","1,3045288838"
"1496,9731445313","1,3038527853"
"1497,0982666016","0,8473805744"
"1497,1795654297","0,5072133386"
"1497,2282714844","0,1890580536"
"1497,2464599609","-0,3096978561"
"1497,2166748047","-0,9277107891"
"1497,1275634766","-1,0041846132"
"1497,0311279297","-0,6981426803"
"1496,9641113281","-0,6247192045"
"1496,9041748047","-0,7986796137"
"1496,8275146484","-0,5644206009"
"1496,7733154297","-0,0865756662"
"1496,7650146484","0,0841932494"
"1496,7730712891","-0,0867106354"
"1496,7647705078","0,0522178287"
"1496,7697753906","0,3820234397"
"1496,8063964844","0,3695561078"
"1496,841796875","-0,0535556402"
"1496,8366699219","-0,2332839019"
"1496,8143310547","-0,1376885768"
"1496,8011474609","-0,1709649288"
"1496,7847900391","-0,4300070246"
"1496,7436523438","-0,2538327992"
"1496,7193603516","0,1899927955"
"1496,7375488281","0,2499286326"
"1496,7614746094","-0,1428396645"
"1496,7478027344","-0,2575737528"
"1496,7231445313","-0,119861242"
"1496,7116699219","-0,1862687356"
"1496,6938476563","-0,4989540102"
"1496,6461181641","-0,4171827882"
"1496,6062011719","-0,0051030355"
"1496,6057128906","0,1517145759"
"1496,6202392578","0,0089175087"
"1496,62109375","0,1158528133"
"1496,6322021484","0,3196744663"
"1496,6628417969","0,1885287262"
"1496,6809082031","-0,2266465724"
"1496,6591796875","-0,2176957968"
"1496,6383056641","0,208745362"
"1496,6583251953","0,4290095369"
"1496,6994628906","0,2280446202"
"1496,7213134766","0,2369698548"
"1496,7440185547","0,4761861809"
"1496,7896728516","0,5081824226"
"1496,8383789063","0,2280823503"
"1496,8602294922","0,2584992599"
"1496,8850097656","0,4865360357"
"1496,931640625","0,3761074327"
"1496,9676513672","-0,2205921977"
"1496,9465332031","-0,562159717"
"1496,8927001953","-0,4090136728"
"1496,853515625","-0,2854213565"
"1496,826171875","-0,4194002345"
"1496,7860107422","-0,1873582288"
"1496,7680664063","0,2953873648"
"1496,7963867188","0,4493734767"
"1496,8394775391","0,1603920526"
"1496,8548583984","0,0649147829"
"1496,8610839844","0,2494578665"
"1496,8850097656","0,207607622"
"1496,9049072266","-0,1758592609"
"1496,8880615234","-0,229316228"
"1496,8660888672","0,0853478035"
"1496,8742675781","0,1414326261"
"1496,8878173828","-0,2319223191"
"1496,8656005859","-0,3454316224"
"1496,8325195313","-0,1159675771"
"1496,8214111328","-0,011475136"
"1496,8203125","-0,1939396358"
"1496,8017578125","-0,0676325429"
"1496,7952880859","0,3021202226"
"1496,82421875","0,2628051059"
"1496,8493652344","-0,2300888627"
"1496,8273925781","-0,4496679416"
"1496,7844238281","-0,3114874924"
"1496,7546386719","-0,2950802472"
"1496,7264404297","-0,6035315438"
"1496,6688232422","-0,6355059609"
"1496,6081542969","-0,2915825114"
"1496,5803222656","-0,080600379"
"1496,5726318359","-0,1292372899"
"1496,5603027344","0,0524637786"
"1496,5653076172","0,4848999629"
"1496,6115722656","0,6461691058"
"1496,6732177734","0,3660044049"
"1496,7081298828","0,2851206471"
"1496,7353515625","0,5225080004"
"1496,7852783203","0,6233711467"
"1496,8448486328","0,359028653"
"1496,8791503906","0,2017055818"
"1496,8984375","0,2935653458"
"1496,9265136719","0,1774211395"
"1496,9434814453","-0,2668370504"
"1496,91796875","-0,4308634259"
"1496,8768310547","-0,1290692346"
"1496,8645019531","0,0434014124"
"1496,8686523438","-0,2094122469"
"1496,8486328125","-0,2896761144"
"1496,8209228516","-0,0012756488"
"1496,8208007813","0,1122945348"
"1496,8315429688","-0,1633668039"
"1496,8159179688","-0,2477355081"
"1496,7922363281","0,0753507744"
"1496,7994384766","0,2364526102"
"1496,8220214844","-0,0652481273"
"1496,8157958984","-0,2571675397"
"1496,7912597656","-0,0652064107"
"1496,7850341797","0,0562723648"
"1496,7904052734","-0,1434241743"
"1496,7767333984","-0,129336148"
"1496,7644042969","0,2443842134"
"1496,7877197266","0,4163072266"
"1496,8273925781","0,1063156631"
"1496,8375244141","-0,0844500694"
"1496,8294677734","0,1266919808"
"1496,8415527344","0,2316716531"
"1496,8636474609","-0,0371168975"
"1496,8601074219","-0,1638382716"
"1496,8444824219","0,0729515645"
"1496,8514404297","0,1752825218"
"1496,8681640625","-0,1446146535"
"1496,8543701172","-0,2879179446"
"1496,8269042969","0,0319628611"
"1496,8299560547","0,322052474"
"1496,8607177734","0,2530817691"
"1496,8848876953","0,3051877309"
"1496,9140625","0,7326417004"
"1496,9841308594","0,9409972934"
"1497,0740966797","0,599852701"
"1497,1314697266","0,2246897231"
"1497,1529541016","0,1403823992"
"1497,1663818359","0,1096987003"
"1497,1768798828","-0,1455651414"
"1497,1629638672","-0,2132180747"
"1497,142578125","0,1340816867"
"1497,1553955078","0,4239964665"
"1497,1959228516","0,3387169782"
"1497,2282714844","0,341302175"
"1497,2608642578","0,6928273184"
"1497,3270263672","0,8231905381"
"1497,4056396484","0,3092655294"
"1497,4351806641","-0,5046685806"
"1497,3869628906","-0,7551097938"
"1497,3148193359","-0,6217312382"
"1497,2554931641","-0,7345621762"
"1497,1854248047","-0,7319833803"
"1497,1156005859","-0,2982370243"
"1497,0871582031","0,0204596437"
"1497,0891113281","-0,1099543102"
"1497,0786132813","-0,2110500338"
"1497,0584716797","0,1074137409"
"1497,0687255859","0,2876500646"
"1497,0961914063","-0,1379879768"
"1497,0830078125","-0,6284923747"
"1497,0229492188","-0,606491255"
"1496,9649658203","-0,5235353949"
"1496,9149169922","-0,7013592583"
"1496,8479003906","-0,7487873278"
"1496,7763671875","-0,3231252616"
"1496,7454833984","-0,0140387991"
"1496,744140625","-0,1991577982"
"1496,7250976563","-0,4369259128"
"1496,6833496094","-0,268313439"
"1496,6577148438","-0,0933007623"
"1496,6488037109","-0,2556753076"
"1496,6243896484","-0,3475357252"
"1496,5911865234","0,030652049"
"1496,5941162109","0,3591382116"
"1496,6284179688","0,2084174811"
"1496,6483154297","0,0217564063"
"1496,650390625","0,2864891748"
"1496,677734375","0,537881809"
"1496,7291259766","0,3989301108"
"1496,7672119141","0,2008198189"
"1496,7863769531","0,3543057319"
"1496,8201904297","0,4490161013"
"1496,8630371094","0,1676782957"
"1496,8790283203","-0,0409341662"
"1496,8751220703","0,2364934185"
"1496,8977050781","0,5191178052"
"1496,947265625","0,3477835699"
"1496,98046875","0,1111670572"
"1496,9910888672","0,2274136904"
"1497,0128173828","0,1916321545"
"1497,0311279297","-0,3959580261"
"1496,9932861328","-0,9507102214"
"1496,9024658203","-0,8805802352"
"1496,818359375","-0,6882185857"
"1496,7525634766","-0,8403473015"
"1496,6722412109","-0,9876251202"
"1496,5778808594","-0,6001050552"
"1496,5205078125","-0,1238277066"
"1496,5086669922","0,02299026"
"1496,5108642578","-0,0025550907"
"1496,5106201172","0,3002116281"
"1496,5393066406","0,5629243432"
"1496,5931396484","0,4213710987"
"1496,6334228516","0,2171516707"
"1496,6541748047","0,4788767082"
"1496,6999511719","0,7333147258"
"1496,7700195313","0,4946553171"
"1496,8172607422","0,0767118138"
"1496,8245849609","0,0587988251"
"1496,8302001953","0,0805398741"
"1496,837890625","-0,2686668583"
"1496,8122558594","-0,687468012"
"1496,7467041016","-0,6129116391"
"1496,6882324219","-0,4028905344"
"1496,6497802734","-0,5000429502"
"1496,6020507813","-0,6024703593"
"1496,5445556641","-0,2545567916"
"1496,5202636719","0,1624320971"
"1496,5357666016","0,1585846597"
"1496,5509033203","0,0115042139"
"1496,5520019531","0,232373311"
"1496,57421875","0,4364544628"
"1496,6159667969","0,1952001555"
"1496,6346435547","-0,1823430156"
"1496,6171875","-0,056072955"
"1496,6118164063","0,2063547893"
"1496,6315917969","0,1618618677"
"1496,6470947266","0,0114734263"
"1496,6481933594","0,2737211554"
"1496,6744384766","0,5862978984"
"1496,7307128906","0,4930210984"
"1496,7780761719","0,2070812697"
"1496,7979736328","0,3062083462"
"1496,8273925781","0,4752294282"
"1496,873046875","0,2453771805"
"1496,8966064453","-0,1207481575"
"1496,8850097656","-0,0470069429"
"1496,8804931641","0,1194173342"
"1496,8919677734","-0,1105725167"
"1496,8813476563","-0,5196667904"
"1496,8314208984","-0,4524437888"
"1496,7879638672","-0,1513415349"
"1496,7734375","-0,1285055371"
"1496,7611083984","-0,248138919"
"1496,7373046875","0,0788791932"
"1496,7448730469","0,4504534157"
"1496,7880859375","0,3541022108"
"1496,8220214844","-0,0777165588"
"1496,8145751953","-0,228011337"
"1496,7927246094","-0,2496337271"
"1496,7687988281","-0,500438823"
"1496,7208251953","-0,7680133424"
"1496,6472167969","-0,4100943375"
"1496,6079101563","0,1591413095"
"1496,6231689453","0,2597213653"
"1496,6480712891","0,0356514828"
"1496,6514892578","0,1400380342"
"1496,6649169922","0,3716804948"
"1496,7005615234","0,3334262107"
"1496,7325439453","0,1285208051"
"1496,7448730469","0,2672017403"
"1496,7705078125","0,4695045612"
"1496,8155517578","0,2659385977"
"1496,8410644531","-0,15273263"
"1496,8264160156","-0,1055804137"
"1496,8162841797","0,204608247"
"1496,8359375","0,2237042595"
"1496,857421875","-0,0241529449"
"1496,8551025391","0,0292158014"
"1496,8579101563","0,1346689187"
"1496,8708496094","-0,1563598848"
"1496,8558349609","-0,6462313411"
"1496,7938232422","-0,5703958665"
"1496,7391357422","-0,1578146454"
"1496,7239990234","0,0025433767"
"1496,7242431641","-0,072552844"
"1496,7172851563","0,1374715383"
"1496,73046875","0,410974237"
"1496,7698974609","0,2953272313"
"1496,7982177734","-0,0915988035"
"1496,7894287109","-0,059792357"
"1496,7836914063","0,151581585"
"1496,7982177734","0,099445636"
"1496,8077392578","-0,1798471293"
"1496,7905273438","-0,1134959496"
"1496,7796630859","0,0802768138"
"1496,7873535156","-0,0777521444"
"1496,7799072266","-0,4871542949"
"1496,7332763672","-0,4807672616"
"1496,6872558594","-0,2499253584"
"1496,6633300781","-0,2768003795"
"1496,6368408203","-0,5715364364"
"1496,5821533203","-0,4476337813"
"1496,5393066406",0
"1496,5393066406","0,2676698384"
"1496,5649414063","0,1389350099"
"1496,5782470703","0,2547781791"
"1496,6026611328","0,4953168163"
"1496,6501464844","0,4805612661"
"1496,6961669922","0,1863160792"
"1496,7139892578","0,243764349"
"1496,7373046875","0,4835036561"
"1496,7835693359","0,4515673682"
"1496,8267822266","0,139045763"
"1496,8400878906","0,2054046149"
"1496,8597412109","0,5372055118"
"1496,9111328125","0,5921225073"
"1496,9677734375","0,2972993599"
"1496,9962158203","0,2743293135"
"1497,0224609375","0,3711030675"
"1497,0579833984","0,1581813827"
"1497,0731201172","-0,3459652387"
"1497,0400390625","-0,3664840087"
"1497,0050048828","-0,019145209"
"1497,0031738281","0,1263438691"
"1497,0152587891","-0,0242322229"
"1497,0129394531","0,150381139"
"1497,02734375","0,4843523126"
"1497,0737304688","0,4602195952"
"1497,1177978516","0,0484378002"
"1497,1224365234","-0,0662667785"
"1497,1160888672","0,056052326"
"1497,1214599609","0,0293102298"
"1497,1242675781","-0,2766046929"
"1497,0977783203","-0,2726610785"
"1497,0716552734","-0,0598711931"
"1497,0659179688","-0,1312097778"
"1497,0533447266","-0,454765533"
"1497,009765625","-0,3998397556"
"1496,9714355469","-0,0458224255"
"1496,9670410156","0,0598723383"
"1496,9727783203","-0,2039192165"
"1496,9532470703","-0,1871916295"
"1496,9353027344","0,0509365175"
"1496,9401855469","0,0777294014"
"1496,9476318359","-0,172144645"
"1496,9311523438","-0,0216806244"
"1496,9290771484","0,4641808975"
"1496,9735107422","0,7449179822"
"1497,0447998047","0,6977803276"
"1497,1115722656","0,9604504545"
"1497,2034912109","1,4440222808"
"1497,3416748047","1,6065865492"
"1497,4953613281","1,270389951"
"1497,6168212891","0,9855900835"
"1497,7110595703","0,5981964003"
"1497,7683105469","-0,3697316247"
"1497,7329101563","-1,2776237731"
"1497,6105957031","-1,470571763"
"1497,4697265625","-1,0571906742"
"1497,3684082031","-0,6407294931"
"1497,3070068359","-0,3910439194"
"1497,26953125","0,314534168"
"1497,2996826172","1,4315711686"
"1497,4368896484","2,4237819519"
"1497,6690673828","3,0271186102"
"1497,9591064453","3,6731301799"
"1498,3112792969","4,1656260738"
"1498,7108154297","3,8112079612"
"1499,0762939453","2,1377867448"
"1499,28125","-0,6602060955"
"1499,2180175781","-4,227674575"
"1498,8363037109","-7,5792914692"
"1498,2370605469","-10,5350463161"
"1497,4993896484","-12,1011479482"
"1496,7280273438","-12,3262304954"
"1496,0115966797","-12,2057189651"
"1495,3648681641","-12,4631778338"
"1494,7631835938","38,9900612721"
